long,staff_numbers,lat,date_added,sale_price,store_code,country,full_region,country_region,date_opened,store_type,country_code,region
store_code,staff_numbers,date_opened,store_type,country_code,region,country_region,lat,long,country,full_region,date_added,sale_price
BE-18074576,35,2019-09-09 00:00:00.000,Local,GB,Europe,Suffolk,42.35982255633085,-71.02388341509956,UK,"Suffolk, UK",,
GA-CAD01AC2,36,1995-05-15 00:00:00.000,Local,GB,Europe,West Berkshire,51.402005499186,-1.3236425,UK,"West Berkshire, UK",,
HA-974352FE,20,2004-09-11 00:00:00.000,Local,GB,Europe,East Ayrshire,55.515999199595,-4.3790696,UK,"East Ayrshire, UK",,
RU-9F1136B4,32,2012-10-08 00:00:00.000,Local,GB,Europe,Essex,57.01576002712146,2.6464689039658533,UK,"Essex, UK",,
DE-585399CF,36,2014-10-11 00:00:00.000,Local,GB,Europe,Greater London,51.49584983455653,-0.1394625595260277,UK,"Greater London, UK",,
LA-9B0D9277,39,2020-06-05 00:00:00.000,Local,GB,Europe,Dorset,50.802843468297205,-2.3044185512284505,UK,"Dorset, UK",,
NE-1D8B1D0C,33,2004-05-02 00:00:00.000,Local,GB,Europe,West Berkshire,51.376897661404,-1.1418434839963485,UK,"West Berkshire, UK",,
CH-6A561423,34,2008-01-21 00:00:00.000,Local,GB,Europe,Greater Manchester,53.578286299127456,-2.4300367,UK,"Greater Manchester, UK",,
PO-38790FAE,25,2010-10-19 00:00:00.000,Local,GB,Europe,Dumfries and Galloway,54.98009377877118,-3.618959239222423,UK,"Dumfries and Galloway, UK",,
BU-251A0E5A,35,2013-08-05 00:00:00.000,Local,GB,Europe,Hampshire,51.05913099140779,-1.2850292488118786,UK,"Hampshire, UK",,
SU-0B4C9A5F,28,2007-06-24 00:00:00.000,Local,GB,Europe,Derbyshire,52.828166704303904,-1.3765549580108152,UK,"Derbyshire, UK",,
IN-157E1191,29,2017-11-04 00:00:00.000,Local,GB,Europe,Devon,50.37126589937084,-4.1425658,UK,"Devon, UK",,
GA-DA8EEA4A,29,2008-07-08 00:00:00.000,Local,GB,Europe,Clackmannanshire,56.11561369983794,-3.7922423,UK,"Clackmannanshire, UK",,
LA-2B59A825,25,1998-12-23 00:00:00.000,Local,GB,Europe,Gloucestershire,54.135696049068805,-2.572741443733534,UK,"Gloucestershire, UK",,
PO-47A01287,29,1994-10-18 00:00:00.000,Local,GB,Europe,Radnorshire,52.271554504812585,-3.3109365008927147,UK,"Radnorshire, UK",,
LA-D78C5F3F,28,2002-07-21 00:00:00.000,Local,GB,Europe,Merseyside,53.40473731906143,-4.965456397785508,UK,"Merseyside, UK",,
AR-5E72668B,34,2006-10-04 00:00:00.000,Local,GB,Europe,Worcestershire,52.11595589910825,-2.3258985,UK,"Worcestershire, UK",,
BE-8C0CF738,26,2002-04-03 00:00:00.000,Local,GB,Europe,West Lothian,55.97716699977834,-3.6006233999999995,UK,"West Lothian, UK",,
ME-FB62E459,40,2001-07-11 00:00:00.000,Local,GB,Europe,Dumfries and Galloway,54.84339249937455,-3.87245,UK,"Dumfries and Galloway, UK",,
LE-63F3D33B,25,2006-06-16 00:00:00.000,Local,GB,Europe,North Yorkshire,57.01576002712146,2.6464689039658533,UK,"North Yorkshire, UK",,
HI-BAD4DD1C,24,2019-09-08 00:00:00.000,Local,GB,Europe,Dumfries and Galloway,54.80759280411772,-3.9479789688542457,UK,"Dumfries and Galloway, UK",,
CH-7771B336,32,2012-05-15 00:00:00.000,Local,GB,Europe,Devon,49.83908621716616,-2.03382391319869,UK,"Devon, UK",,
EX-2C210EBF,37,1997-01-16 00:00:00.000,Local,GB,Europe,Cheshire,53.19088729909604,-2.8908955,UK,"Cheshire, UK",,
CH-164A23FB,29,2017-10-11 00:00:00.000,Local,GB,Europe,Shetland Islands,60.26508964080724,-1.1647779041601751,UK,"Shetland Islands, UK",,
TH-D62B06B7,26,1996-04-19 00:00:00.000,Local,GB,Europe,Glasgow City,55.82581716369926,-4.251938157457177,UK,"Glasgow City, UK",,
EA-BE6D0CF8,29,1999-11-14 00:00:00.000,Local,GB,Europe,Antrim,54.87171370918484,-6.202446602383298,UK,"Antrim, UK",,
BE-F4596696,23,2008-02-04 00:00:00.000,Local,GB,Europe,Devon,54.135696049068805,-2.572741443733534,UK,"Devon, UK",,
BU-550D8325,33,2018-02-18 00:00:00.000,Local,GB,Europe,Scottish Borders,55.65118109964619,-2.252957,UK,"Scottish Borders, UK",,
NE-01250B4B,30,2021-03-12 00:00:00.000,Local,GB,Europe,Cheshire,53.21171013333641,-2.5325931701175053,UK,"Cheshire, UK",,
CL-0FB1065C,28,2021-04-17 00:00:00.000,Local,GB,Europe,Aberdeenshire,57.50529090051825,-1.7813194,UK,"Aberdeenshire, UK",,
AR-E8FDEB2B,20,2010-07-15 00:00:00.000,Local,GB,Europe,West Lothian,55.89379009974342,-3.5420788,UK,"West Lothian, UK",,
LY-FC3B1157,37,1993-05-06 00:00:00.000,Local,GB,Europe,Montgomeryshire,52.76613487480476,-2.9611368427093505,UK,"Montgomeryshire, UK",,
BE-09F94471,34,2012-09-15 00:00:00.000,Local,GB,Europe,Monmouthshire,51.70265709914735,-3.0327511,UK,"Monmouthshire, UK",,
WI-56B02C82,35,1999-11-05 00:00:00.000,Local,GB,Europe,Clackmannanshire,56.16639499986029,-3.7513968,UK,"Clackmannanshire, UK",,
HI-F2784D72,38,2008-02-27 00:00:00.000,Local,GB,Europe,Moray,57.64878910059316,-3.3148458999999995,UK,"Moray, UK",,
ME-D9ECD7DF,21,2019-07-12 00:00:00.000,Local,GB,Europe,Hertfordshire,51.74929559914207,-0.3422525999999999,UK,"Hertfordshire, UK",,
RU-AE12736B,29,2008-03-27 00:00:00.000,Local,GB,Europe,Anglesey,53.28763750293884,-4.361255621766735,UK,"Anglesey, UK",,
LA-DE474D42,36,2019-08-07 00:00:00.000,Local,GB,Europe,Derbyshire,52.828166704303904,-1.3765549580108152,UK,"Derbyshire, UK",,
CH-DCCDE05E,29,2013-11-17 00:00:00.000,Local,GB,Europe,Dumfries and Galloway,54.84339249937455,-3.87245,UK,"Dumfries and Galloway, UK",,
CH-FBB32B94,30,2011-06-18 00:00:00.000,Local,GB,Europe,Falkirk,55.9974000245057,-3.790657537922879,UK,"Falkirk, UK",,
SE-8DF6557B,20,2020-02-01 00:00:00.000,Local,GB,Europe,East Ayrshire,55.604217765495086,-4.509207965520612,UK,"East Ayrshire, UK",,
SU-346D5CF2,31,2021-02-27 00:00:00.000,Local,GB,Europe,Fermanagh,54.58437049930578,-7.690079299999999,UK,"Fermanagh, UK",,
WE-605028E4,32,1993-09-28 00:00:00.000,Local,GB,Europe,Devon,50.39179437073982,-4.11994490475395,UK,"Devon, UK",,
WI-37616D0E,37,2000-08-19 00:00:00.000,Local,GB,Europe,Lincolnshire,53.23363009909854,-0.5392172,UK,"Lincolnshire, UK",,
BU-19BB50F6,31,2007-02-28 00:00:00.000,Local,GB,Europe,Antrim,55.24052490748084,-6.5116913460888926,UK,"Antrim, UK",,
BU-5B54171E,37,1997-02-07 00:00:00.000,Local,GB,Europe,Scottish Borders,55.93244599975951,-2.3628295,UK,"Scottish Borders, UK",,
CL-DA5365DF,39,2005-08-01 00:00:00.000,Local,GB,Europe,Flintshire,53.27140609910092,-3.2212991,UK,"Flintshire, UK",,
SU-5F78B30A,29,2006-02-20 00:00:00.000,Local,GB,Europe,Staffordshire,53.01809073655068,-2.164561306414937,UK,"Staffordshire, UK",,
LY-89B9F675,29,1994-08-09 00:00:00.000,Local,GB,Europe,Fermanagh,54.39698779008633,-7.6501897453704,UK,"Fermanagh, UK",,
VI-9A93E3E2,38,2013-04-29 00:00:00.000,Local,GB,Europe,Flintshire,53.1847773990957,-3.0266606999999994,UK,"Flintshire, UK",,
WA-905645E6,36,2010-08-09 00:00:00.000,Local,GB,Europe,Anglesey,53.26296299910037,-4.0920538,UK,"Anglesey, UK",,
LY-73842BE8,23,2012-11-28 00:00:00.000,Local,GB,Europe,South Ayrshire,55.269429522877225,-4.687882030721561,UK,"South Ayrshire, UK",,
ST-3C93FBF2,26,2014-08-19 00:00:00.000,Local,GB,Europe,Montgomeryshire,52.73453326336279,-2.902598642563723,UK,"Montgomeryshire, UK",,
TH-D94B2E76,30,2015-01-08 00:00:00.000,Local,GB,Europe,Wiltshire,51.178847359345305,-1.826147294634096,UK,"Wiltshire, UK",,
AR-F938FB8E,27,2015-02-13 00:00:00.000,Local,GB,Europe,Merionethshire,52.827110896480285,-3.8004189998939375,UK,"Merionethshire, UK",,
EX-41AC3888,24,2010-07-19 00:00:00.000,Local,GB,Europe,Nottinghamshire,52.939413969525326,-1.198784860381233,UK,"Nottinghamshire, UK",,
CH-E1344D81,28,1997-07-01 00:00:00.000,Local,GB,Europe,East Ayrshire,55.604217765495086,-4.509207965520612,UK,"East Ayrshire, UK",,
GR-18E26E0C,34,1999-11-19 00:00:00.000,Local,GB,Europe,Nottinghamshire,52.95341929908657,-1.1496461,UK,"Nottinghamshire, UK",,
VI-B13ACF87,33,2000-08-02 00:00:00.000,Local,GB,Europe,Antrim,54.87171370918484,-6.202446602383298,UK,"Antrim, UK",,
BU-3FC2A064,25,2016-11-25 00:00:00.000,Local,GB,Europe,Fife,56.111021799835925,-3.1582296,UK,"Fife, UK",,
PE-52B1E131,25,2012-05-02 00:00:00.000,Local,GB,Europe,Fermanagh,54.350613925419815,-7.641560823462416,UK,"Fermanagh, UK",,
BE-9A378A7F,22,2015-02-03 00:00:00.000,Local,GB,Europe,Staffordshire,53.01809073655068,-2.164561306414937,UK,"Staffordshire, UK",,
HA-859769AF,30,2019-09-04 00:00:00.000,Local,GB,Europe,Kent,42.961528878737205,-85.65568911447113,UK,"Kent, UK",,
BU-3020DF6C,36,2020-08-22 00:00:00.000,Local,GB,Europe,West Yorkshire,53.74348055485903,-1.6888780611726366,UK,"West Yorkshire, UK",,
ST-32641EC1,33,1996-10-26 00:00:00.000,Local,GB,Europe,Wiltshire,51.561368299164506,-1.7856853,UK,"Wiltshire, UK",,
GA-2252ED9A,31,2009-11-19 00:00:00.000,Local,GB,Europe,Glasgow City,55.85323939874251,-4.309196006378609,UK,"Glasgow City, UK",,
CO-EAEDFFF3,30,2008-03-20 00:00:00.000,Local,GB,Europe,Dumfries and Galloway,54.84339249937455,-3.87245,UK,"Dumfries and Galloway, UK",,
WE-54DE559C,33,2016-10-31 00:00:00.000,Local,GB,Europe,Armagh,54.29905875258359,-6.551549759654297,UK,"Armagh, UK",,
PE-60C328DB,20,2013-10-25 00:00:00.000,Local,GB,Europe,Somerset,54.135696049068805,-2.572741443733534,UK,"Somerset, UK",,
BL-8387506C,33,2021-05-19 00:00:00.000,Local,GB,Europe,Staffordshire,52.858741813517256,-2.0369004345511192,UK,"Staffordshire, UK",,
RH-AB6C3782,27,2015-02-19 00:00:00.000,Local,GB,Europe,Derbyshire,53.256291054488734,-1.4012096932470806,UK,"Derbyshire, UK",,
AB-316DE4BA,37,1993-11-21 00:00:00.000,Local,GB,Europe,Essex,40.72420100387013,-74.17242791205226,UK,"Essex, UK",,
LA-F0652295,33,2018-02-13 00:00:00.000,Local,GB,Europe,Devon,49.83908621716616,-2.03382391319869,UK,"Devon, UK",,
KI-AF3A421C,32,2006-05-04 00:00:00.000,Local,GB,Europe,East Ayrshire,55.604217765495086,-4.509207965520612,UK,"East Ayrshire, UK",,
CH-C9AB9518,40,2006-08-23 00:00:00.000,Local,GB,Europe,Cheshire,53.19088729909604,-2.8908955,UK,"Cheshire, UK",,
TH-B6A0AB51,22,2021-08-05 00:00:00.000,Local,GB,Europe,Clackmannanshire,56.1166616710766,-3.7786623828339208,UK,"Clackmannanshire, UK",,
CL-DA786EF6,22,2006-10-04 00:00:00.000,Local,GB,Europe,Glamorgan,51.662842199152,-3.8039117,UK,"Glamorgan, UK",,
CL-7BF16887,23,2018-03-09 00:00:00.000,Local,GB,Europe,Monmouthshire,51.77281909913951,-3.0843832999999994,UK,"Monmouthshire, UK",,
PO-4AF8FC4D,38,1999-03-30 00:00:00.000,Local,GB,Europe,Staffordshire,53.01809073655068,-2.164561306414937,UK,"Staffordshire, UK",,
SE-68A67454,30,2004-08-13 00:00:00.000,Local,GB,Europe,North Ayrshire,55.794882899702976,-4.869501399999999,UK,"North Ayrshire, UK",,
LE-1438EF01,23,1995-01-20 00:00:00.000,Local,GB,Europe,East Sussex,50.85538879927519,0.5824703,UK,"East Sussex, UK",,
SE-09EAF854,28,2013-11-04 00:00:00.000,Local,GB,Europe,Fermanagh,54.58437049930578,-7.690079299999999,UK,"Fermanagh, UK",,
ST-8D1A43F1,34,2018-04-26 00:00:00.000,Local,GB,Europe,East Ayrshire,55.604217765495086,-4.509207965520612,UK,"East Ayrshire, UK",,
GR-6D292223,22,2018-02-26 00:00:00.000,Local,GB,Europe,North Yorkshire,54.135696049068805,-2.572741443733534,UK,"North Yorkshire, UK",,
GR-664E0CB3,38,2011-08-15 00:00:00.000,Local,GB,Europe,Greater Manchester,,,UK,"Greater Manchester, UK",,
EX-B1AACC7D,37,2005-04-07 00:00:00.000,Local,GB,Europe,Worcestershire,52.22421044058818,-2.169294073033855,UK,"Worcestershire, UK",,
BL-04FD6EF3,28,2002-11-22 00:00:00.000,Local,GB,Europe,Derbyshire,52.92126169908585,-1.4761491,UK,"Derbyshire, UK",,
SU-B415327A,23,2011-02-19 00:00:00.000,Local,GB,Europe,Monmouthshire,51.77281909913951,-3.0843832999999994,UK,"Monmouthshire, UK",,
DE-504A9BFE,38,2013-05-04 00:00:00.000,Local,GB,Europe,North Yorkshire,54.135696049068805,-2.572741443733534,UK,"North Yorkshire, UK",,
AR-CB0D95D8,20,2003-01-06 00:00:00.000,Local,GB,Europe,Merionethshire,52.827110896480285,-3.8004189998939375,UK,"Merionethshire, UK",,
BU-0FB4CF87,30,2003-04-23 00:00:00.000,Local,GB,Europe,Staffordshire,52.858741813517256,-2.0369004345511192,UK,"Staffordshire, UK",,
NE-2B35DCBD,23,2011-08-20 00:00:00.000,Local,GB,Europe,Tyne and Wear,54.95452041722502,-1.5645541779601573,UK,"Tyne and Wear, UK",,
BL-9A86B74D,24,1993-01-26 00:00:00.000,Local,GB,Europe,East Lothian,55.9421198210151,-2.7208454118888503,UK,"East Lothian, UK",,
AB-30E0C17F,37,2003-05-17 00:00:00.000,Local,GB,Europe,Kent,42.9632405005356,-85.66786389999999,UK,"Kent, UK",,
CO-308FF73B,39,2019-01-06 00:00:00.000,Local,GB,Europe,Staffordshire,52.684369599084455,-1.8275286,UK,"Staffordshire, UK",,
EX-B4EE25D8,38,2007-05-27 00:00:00.000,Local,GB,Europe,Worcestershire,52.19118489910301,-2.2206585,UK,"Worcestershire, UK",,
SE-E21DDC72,35,2017-09-04 00:00:00.000,Local,GB,Europe,Nottinghamshire,53.144767799093614,-1.1973364999999998,UK,"Nottinghamshire, UK",,
NE-6046DE65,29,1996-06-01 00:00:00.000,Local,GB,Europe,South Yorkshire,53.55277189912479,-1.4827755,UK,"South Yorkshire, UK",,
VI-8EBC5471,27,2004-01-23 00:00:00.000,Local,GB,Europe,East Lothian,55.94212019976359,-3.0538516,UK,"East Lothian, UK",,
EA-EC2DAADE,36,2010-11-15 00:00:00.000,Local,GB,Europe,Falkirk,56.018902699796094,-3.7230303,UK,"Falkirk, UK",,
LO-C4AB23C1,22,2015-08-31 00:00:00.000,Local,GB,Europe,Fermanagh,54.39698779008633,-7.6501897453704,UK,"Fermanagh, UK",,
AB-D665986A,32,2002-07-21 00:00:00.000,Local,GB,Europe,South Ayrshire,55.462804399575454,-4.630250199999999,UK,"South Ayrshire, UK",,
GR-250FBD0C,27,1994-11-24 00:00:00.000,Local,GB,Europe,Cumbria,54.70235449933597,-3.2765753,UK,"Cumbria, UK",,
IN-827175EE,36,2010-06-06 00:00:00.000,Local,GB,Europe,Fermanagh,54.58437049930578,-7.690079299999999,UK,"Fermanagh, UK",,
EX-A01E0020,39,2004-01-23 00:00:00.000,Local,GB,Europe,Staffordshire,53.01620139908838,-2.1812607,UK,"Staffordshire, UK",,
KI-DD9663C2,28,1997-03-25 00:00:00.000,Local,GB,Europe,Anglesey,53.28763750293884,-4.361255621766735,UK,"Anglesey, UK",,
EX-B3F5CFB1,20,1996-07-09 00:00:00.000,Local,GB,Europe,Armagh,54.34819769925123,-6.6540432,UK,"Armagh, UK",,
HI-7B43DCA9,35,2009-09-20 00:00:00.000,Local,GB,Europe,Fife,56.03970969980502,-3.4194656,UK,"Fife, UK",,
RU-DA6DCDA7,38,2000-12-28 00:00:00.000,Local,GB,Europe,Fife,56.071372399818685,-3.4616183,UK,"Fife, UK",,
IN-E47115F0,32,1995-08-26 00:00:00.000,Local,GB,Europe,Staffordshire,53.01809073655068,-2.164561306414937,UK,"Staffordshire, UK",,
IN-C4060B7D,25,1999-05-16 00:00:00.000,Local,GB,Europe,Derbyshire,52.92126169908585,-1.4761491,UK,"Derbyshire, UK",,
BU-B5B6F452,25,2009-02-28 00:00:00.000,Local,GB,Europe,Dumfries and Galloway,54.84339249937455,-3.87245,UK,"Dumfries and Galloway, UK",,
SE-531CB6EE,36,1994-10-11 00:00:00.000,Local,GB,Europe,East Sussex,50.82146259928143,-0.1400560999999999,UK,"East Sussex, UK",,
LA-0E85631B,29,2010-07-26 00:00:00.000,Local,GB,Europe,Moray,-13.330083986611587,-72.19674207094411,UK,"Moray, UK",,
LO-74DBE049,26,2019-07-19 00:00:00.000,Local,GB,Europe,Fife,56.111021799835925,-3.1582296,UK,"Fife, UK",,
LO-EC0C9189,33,2018-10-21 00:00:00.000,Local,GB,Europe,Wiltshire,51.178847359345305,-1.826147294634096,UK,"Wiltshire, UK",,
BE-C5C7E600,39,1993-08-16 00:00:00.000,Local,GB,Europe,Greater Manchester,53.578286299127456,-2.4300367,UK,"Greater Manchester, UK",,
RH-450F1A1B,23,2004-01-23 00:00:00.000,Local,GB,Europe,Wiltshire,51.178847359345305,-1.826147294634096,UK,"Wiltshire, UK",,
GR-16C93F4D,29,2005-03-13 00:00:00.000,Local,GB,Europe,Dorset,50.74171198951472,-1.8578752972916697,UK,"Dorset, UK",,
BL-190ABD7D,30,2022-04-05 00:00:00.000,Local,GB,Europe,North Lanarkshire,55.8189310997127,-4.0225794,UK,"North Lanarkshire, UK",,
HA-10EEDC1D,31,2004-02-13 00:00:00.000,Local,GB,Europe,Cumbria,54.70235449933597,-3.2765753,UK,"Cumbria, UK",,
IN-CC1993CF,33,1993-08-03 00:00:00.000,Local,GB,Europe,Staffordshire,52.858741813517256,-2.0369004345511192,UK,"Staffordshire, UK",,
LY-D37CAF45,20,2021-06-15 00:00:00.000,Local,GB,Europe,East Renfrewshire,55.784671599698875,-4.4263461,UK,"East Renfrewshire, UK",,
CO-3971C69C,33,2004-10-11 00:00:00.000,Local,GB,Europe,Fife,56.111021799835925,-3.1582296,UK,"Fife, UK",,
LA-A12C3D8F,38,2003-12-11 00:00:00.000,Local,GB,Europe,Glasgow City,55.82581716369926,-4.251938157457177,UK,"Glasgow City, UK",,
LE-1E8CCAFA,35,2014-05-21 00:00:00.000,Local,GB,Europe,Dumfries and Galloway,55.0833329994464,-3.833333000000001,UK,"Dumfries and Galloway, UK",,
BE-7D0EF647,32,1993-06-29 00:00:00.000,Local,GB,Europe,Flintshire,53.27140609910092,-3.2212991,UK,"Flintshire, UK",,
PE-086FA5EE,32,2018-04-10 00:00:00.000,Local,GB,Europe,Monmouthshire,51.57370707563215,-2.9618904311157817,UK,"Monmouthshire, UK",,
AR-EE57502B,25,2011-12-12 00:00:00.000,Local,GB,Europe,Inverclyde,55.96075839977142,-4.8187835,UK,"Inverclyde, UK",,
WA-ED4B495E,21,2001-09-05 00:00:00.000,Local,GB,Europe,Fife,56.34039019993873,-2.7955844,UK,"Fife, UK",,
WE-FF0F6BA4,20,2010-04-06 00:00:00.000,Local,GB,Europe,Greater Manchester,53.46315381949836,-2.2914022661167066,UK,"Greater Manchester, UK",,
EX-2E8DF595,35,1998-08-05 00:00:00.000,Local,GB,Europe,Shetland Islands,59.97275360748666,-1.3498485906788076,UK,"Shetland Islands, UK",,
HA-CCBCBF87,24,2001-06-06 00:00:00.000,Local,GB,Europe,Worcestershire,52.38807869909226,-2.2478582,UK,"Worcestershire, UK",,
RU-F0666E4B,32,2006-10-09 00:00:00.000,Local,GB,Europe,Cheshire,53.19088729909604,-2.8908955,UK,"Cheshire, UK",,
KI-137ED849,40,2003-05-01 00:00:00.000,Local,GB,Europe,Monmouthshire,51.71579616778874,-2.953397955679366,UK,"Monmouthshire, UK",,
CH-01D85C8D,35,2005-09-01 00:00:00.000,Local,GB,Europe,Northumberland,54.973847399412655,-1.6131571999999998,UK,"Northumberland, UK",,
VI-68DB8362,29,2022-08-20 00:00:00.000,Local,GB,Europe,Montgomeryshire,52.69902030052453,-2.8380444538467606,UK,"Montgomeryshire, UK",,
RH-80D609C9,23,2017-01-14 00:00:00.000,Local,GB,Europe,Somerset,51.149652874308366,-2.8896541318298774,UK,"Somerset, UK",,
AB-D5ABF437,22,2020-12-15 00:00:00.000,Local,GB,Europe,Shetland Islands,59.97275360748666,-1.3498485906788076,UK,"Shetland Islands, UK",,
BE-B069E157,40,2019-10-30 00:00:00.000,Local,GB,Europe,West Lothian,55.89379009974342,-3.5420788,UK,"West Lothian, UK",,
HI-EEA7AE62,33,1998-05-14 00:00:00.000,Local,GB,Europe,Nottinghamshire,53.144767799093614,-1.1973364999999998,UK,"Nottinghamshire, UK",,
ST-229D997E,34,2000-06-01 00:00:00.000,Local,DE,Europe,Baden-Württemberg,48.59089459979375,9.0399498,Germany,"Baden-Württemberg, Germany",,
SI-ECD52CD9,25,2015-07-14 00:00:00.000,Local,DE,Europe,Schleswig-Holstein,57.01576002712146,2.6464689039658533,Germany,"Schleswig-Holstein, Germany",,
HA-39A446E2,38,1994-03-08 00:00:00.000,Local,DE,Europe,Berlin,52.5170364990876,13.3888599,Germany,"Berlin, Germany",,
EH-91356030,38,2017-12-12 00:00:00.000,Local,DE,Europe,Baden-Württemberg,48.54827644126032,9.05062463707913,Germany,"Baden-Württemberg, Germany",,
WE-31C8B335,27,2011-03-11 00:00:00.000,Local,DE,Europe,Mecklenburg-Vorpommern,54.04792449919312,13.0458642,Germany,"Mecklenburg-Vorpommern, Germany",,
LA-F1042C48,34,2010-08-25 00:00:00.000,Local,DE,Europe,"Saxony
(Sachsen)",51.072026251976645,14.530479474750631,Germany,"Saxony
(Sachsen), Germany",,
EH-DB8676C1,28,1996-10-02 00:00:00.000,Local,DE,Europe,Mecklenburg-Vorpommern,53.77350639915104,12.575547099999998,Germany,"Mecklenburg-Vorpommern, Germany",,
AL-91D3A03C,30,2018-06-18 00:00:00.000,Local,DE,Europe,Mecklenburg-Vorpommern,53.924589689662845,12.6673987014273,Germany,"Mecklenburg-Vorpommern, Germany",,
HE-E39F4BC6,31,1995-06-04 00:00:00.000,Local,DE,Europe,Hamburg,53.57359766477418,9.84240876421656,Germany,"Hamburg, Germany",,
BR-BC499EDD,37,2020-05-13 00:00:00.000,Local,DE,Europe,"Thuringia
(Thüringen)",50.84586232471068,4.403041270601574,Germany,"Thuringia
(Thüringen), Germany",,
KA-653E783F,36,1998-07-07 00:00:00.000,Local,DE,Europe,Baden-Württemberg,48.80812259973991,8.9453257,Germany,"Baden-Württemberg, Germany",,
OS-70B2CD28,36,2007-02-04 00:00:00.000,Local,DE,Europe,"Thuringia
(Thüringen)",50.84586232471068,4.403041270601574,Germany,"Thuringia
(Thüringen), Germany",,
EP-105C3FB5,27,2014-07-16 00:00:00.000,Local,DE,Europe,"North Rhine-Westphalia
(Nordrhein-Westfalen)",51.53473209916794,6.424508499999999,Germany,"North Rhine-Westphalia
(Nordrhein-Westfalen), Germany",,
BU-44F16401,22,2019-01-11 00:00:00.000,Local,DE,Europe,Bremen,53.1198132532854,8.78010608269584,Germany,"Bremen, Germany",,
EH-DB65F258,21,2015-02-16 00:00:00.000,Local,DE,Europe,"Hesse
(Hessen)",50.60806509932237,9.0284647,Germany,"Hesse
(Hessen), Germany",,
LO-D54E72B5,20,1998-12-20 00:00:00.000,Local,DE,Europe,"Saxony
(Sachsen)",52.0089064991167,11.700334399999996,Germany,"Saxony
(Sachsen), Germany",,
LA-9F489A77,34,2011-05-02 00:00:00.000,Local,DE,Europe,Brandenburg,52.50165976623251,13.402259492785396,Germany,"Brandenburg, Germany",,
ST-4D2E1D55,30,2005-04-28 00:00:00.000,Local,DE,Europe,Schleswig-Holstein,54.185399799218125,9.822008899999998,Germany,"Schleswig-Holstein, Germany",,
WE-DC3933D4,21,1997-08-29 00:00:00.000,Local,DE,Europe,Bremen,53.1198132532854,8.78010608269584,Germany,"Bremen, Germany",,
FR-C04291C3,33,2012-02-15 00:00:00.000,Local,DE,Europe,"Saxony-Anhalt
(Sachsen-Anhalt)",52.02107111223396,11.69956645079846,Germany,"Saxony-Anhalt
(Sachsen-Anhalt), Germany",,
ST-B754F535,33,2021-06-26 00:00:00.000,Local,DE,Europe,Hamburg,53.57359766477418,9.84240876421656,Germany,"Hamburg, Germany",,
ST-10F19C97,20,2001-11-28 00:00:00.000,Local,DE,Europe,"Hesse
(Hessen)",50.60806509932237,9.0284647,Germany,"Hesse
(Hessen), Germany",,
OB-7A4A9012,20,1996-06-05 00:00:00.000,Local,DE,Europe,"Saxony
(Sachsen)",52.02107111223396,11.69956645079846,Germany,"Saxony
(Sachsen), Germany",,
ZE-BBF02AEA,31,2002-07-30 00:00:00.000,Local,DE,Europe,Baden-Württemberg,49.3296615271989,8.571741641883026,Germany,"Baden-Württemberg, Germany",,
HE-2908B53E,21,2021-02-20 00:00:00.000,Local,DE,Europe,"Rhineland-Palatinate
(Rheinland-Pfalz)",49.95315989946298,7.310646,Germany,"Rhineland-Palatinate
(Rheinland-Pfalz), Germany",,
RA-C25EE56A,34,2005-01-04 00:00:00.000,Local,DE,Europe,Berlin,52.50165976623251,13.402259492785396,Germany,"Berlin, Germany",,
EH-BB9AECF5,26,2006-05-22 00:00:00.000,Local,DE,Europe,"North Rhine-Westphalia
(Nordrhein-Westfalen)",51.48748408789015,7.566220062255792,Germany,"North Rhine-Westphalia
(Nordrhein-Westfalen), Germany",,
ME-B363FDAA,22,2005-12-23 00:00:00.000,Local,DE,Europe,"Hesse
(Hessen)",48.68791936944894,7.051713942943216,Germany,"Hesse
(Hessen), Germany",,
TR-4E1AF636,23,2022-06-21 00:00:00.000,Local,DE,Europe,"Saxony
(Sachsen)",51.08101379923567,14.5215522,Germany,"Saxony
(Sachsen), Germany",,
DA-D9DC550B,25,1998-04-22 00:00:00.000,Local,DE,Europe,"Hesse
(Hessen)",50.61108503492317,9.033462414411373,Germany,"Hesse
(Hessen), Germany",,
LA-347073D1,28,2011-03-27 00:00:00.000,Local,DE,Europe,"Hesse
(Hessen)",50.61108503492317,9.033462414411373,Germany,"Hesse
(Hessen), Germany",,
ST-06E21C4A,23,2008-03-31 00:00:00.000,Local,DE,Europe,Baden-Württemberg,48.59089459979375,9.0399498,Germany,"Baden-Württemberg, Germany",,
MA-20E6EB37,35,2004-09-13 00:00:00.000,Local,DE,Europe,Hamburg,53.55034099912454,10.000654,Germany,"Hamburg, Germany",,
BA-8BA66AA0,33,2006-02-03 00:00:00.000,Local,DE,Europe,"Saxony
(Sachsen)",52.0089064991167,11.700334399999996,Germany,"Saxony
(Sachsen), Germany",,
DA-ACC520AE,30,1994-03-07 00:00:00.000,Local,DE,Europe,Berlin,52.50152169908807,13.402549799999996,Germany,"Berlin, Germany",,
CH-42F9D8D8,20,2005-04-26 00:00:00.000,Local,DE,Europe,Berlin,52.5170364990876,13.3888599,Germany,"Berlin, Germany",,
ZE-EA9C82AA,40,2001-02-19 00:00:00.000,Local,DE,Europe,"Hesse
(Hessen)",50.60806509932237,9.0284647,Germany,"Hesse
(Hessen), Germany",,
NI-D757F308,27,1997-05-01 00:00:00.000,Local,DE,Europe,Bremen,53.1198132532854,8.78010608269584,Germany,"Bremen, Germany",,
SC-ADA59883,32,2017-05-21 00:00:00.000,Local,DE,Europe,Baden-Württemberg,48.59089459979375,9.0399498,Germany,"Baden-Württemberg, Germany",,
GA-846D92B4,28,1995-04-22 00:00:00.000,Local,DE,Europe,"Thuringia
(Thüringen)",52.51224883084557,13.385553461573425,Germany,"Thuringia
(Thüringen), Germany",,
AL-9E1A5529,39,2022-07-29 00:00:00.000,Local,DE,Europe,"Bavaria
(Bayern)",48.946756199705526,11.4038717,Germany,"Bavaria
(Bayern), Germany",,
AS-D26C759B,20,2004-12-07 00:00:00.000,Local,DE,Europe,"North Rhine-Westphalia
(Nordrhein-Westfalen)",51.57674739916256,6.5128805,Germany,"North Rhine-Westphalia
(Nordrhein-Westfalen), Germany",,
RA-5F41ED85,38,2017-12-27 00:00:00.000,Local,DE,Europe,"Hesse
(Hessen)",48.68791936944894,7.051713942943216,Germany,"Hesse
(Hessen), Germany",,
OS-EE0CC48A,28,2015-05-11 00:00:00.000,Local,DE,Europe,Baden-Württemberg,48.75010409975431,8.8707147,Germany,"Baden-Württemberg, Germany",,
KI-81D6FEBD,33,2001-01-12 00:00:00.000,Local,DE,Europe,Baden-Württemberg,48.75010409975431,8.8707147,Germany,"Baden-Württemberg, Germany",,
SI-3E5F4AD9,20,2010-10-27 00:00:00.000,Local,DE,Europe,"Lower Saxony
(Niedersachsen)",52.83985309908459,9.075962,Germany,"Lower Saxony
(Niedersachsen), Germany",,
PF-F54C3265,37,2006-07-08 00:00:00.000,Local,DE,Europe,"Rhineland-Palatinate
(Rheinland-Pfalz)",50.838975988780895,4.402411248542796,Germany,"Rhineland-Palatinate
(Rheinland-Pfalz), Germany",,
WE-55D0E7FF,34,1998-05-02 00:00:00.000,Local,DE,Europe,"Thuringia
(Thüringen)",50.90147209926684,11.0377839,Germany,"Thuringia
(Thüringen), Germany",,
VE-1050754E,24,2007-09-03 00:00:00.000,Local,DE,Europe,"North Rhine-Westphalia
(Nordrhein-Westfalen)",51.789558099137714,6.0074359,Germany,"North Rhine-Westphalia
(Nordrhein-Westfalen), Germany",,
KA-249967D9,31,1999-01-12 00:00:00.000,Local,DE,Europe,"Saxony
(Sachsen)",51.08101379923567,14.5215522,Germany,"Saxony
(Sachsen), Germany",,
BU-90D457E0,40,2004-11-17 00:00:00.000,Local,DE,Europe,"Saxony
(Sachsen)",51.072026251976645,14.530479474750631,Germany,"Saxony
(Sachsen), Germany",,
CH-7638016B,31,2000-06-27 00:00:00.000,Local,DE,Europe,Berlin,52.5170364990876,13.3888599,Germany,"Berlin, Germany",,
HO-16A376B0,28,2022-06-18 00:00:00.000,Local,DE,Europe,"Saxony
(Sachsen)",52.0089064991167,11.700334399999996,Germany,"Saxony
(Sachsen), Germany",,
AL-FB5FAE9B,22,2005-03-26 00:00:00.000,Local,DE,Europe,"North Rhine-Westphalia
(Nordrhein-Westfalen)",51.48748408789015,7.566220062255792,Germany,"North Rhine-Westphalia
(Nordrhein-Westfalen), Germany",,
KO-7E39C57F,33,1995-02-26 00:00:00.000,Local,DE,Europe,Berlin,52.50165976623251,13.402259492785396,Germany,"Berlin, Germany",,
VE-38B76FFE,28,2006-07-18 00:00:00.000,Local,DE,Europe,Hamburg,53.543764099123855,10.0099133,Germany,"Hamburg, Germany",,
OS-4BF93680,34,2020-11-13 00:00:00.000,Local,DE,Europe,"Hesse
(Hessen)",50.33269089937904,8.761258,Germany,"Hesse
(Hessen), Germany",,
HA-FC4E6AFF,32,2017-06-01 00:00:00.000,Local,DE,Europe,Baden-Württemberg,48.54827644126032,9.05062463707913,Germany,"Baden-Württemberg, Germany",,
CH-01DEFD68,36,1998-04-01 00:00:00.000,Local,DE,Europe,"Saxony
(Sachsen)",51.08101379923567,14.5215522,Germany,"Saxony
(Sachsen), Germany",,
OB-FDC2CF69,36,2015-07-05 00:00:00.000,Local,DE,Europe,Berlin,52.5170364990876,13.3888599,Germany,"Berlin, Germany",,
BA-25629F8E,24,2021-08-11 00:00:00.000,Local,DE,Europe,Mecklenburg-Vorpommern,54.04792449919312,13.0458642,Germany,"Mecklenburg-Vorpommern, Germany",,
HE-84E62AB9,30,2001-04-20 00:00:00.000,Local,DE,Europe,Brandenburg,52.4826319876536,13.394517963423828,Germany,"Brandenburg, Germany",,
HE-A49D28DF,24,2001-07-27 00:00:00.000,Local,DE,Europe,Bremen,53.1198132532854,8.78010608269584,Germany,"Bremen, Germany",,
CH-99475026,39,1995-03-05 00:00:00.000,Local,DE,Europe,"Bavaria
(Bayern)",48.946756199705526,11.4038717,Germany,"Bavaria
(Bayern), Germany",,
PF-4FB7B30C,21,2001-05-10 00:00:00.000,Local,DE,Europe,"Bavaria
(Bayern)",48.946756199705526,11.4038717,Germany,"Bavaria
(Bayern), Germany",,
AL-34ABF27F,37,1997-01-30 00:00:00.000,Local,DE,Europe,"Thuringia
(Thüringen)",50.84586232471068,4.403041270601574,Germany,"Thuringia
(Thüringen), Germany",,
GR-61A03D84,25,1994-10-19 00:00:00.000,Local,DE,Europe,"Saxony
(Sachsen)",52.23612105695129,12.28551526576338,Germany,"Saxony
(Sachsen), Germany",,
WE-0E145AF9,29,2019-01-04 00:00:00.000,Local,DE,Europe,"Hesse
(Hessen)",50.33526819937848,8.7539306,Germany,"Hesse
(Hessen), Germany",,
RU-798BB83A,40,1996-05-30 00:00:00.000,Local,DE,Europe,Baden-Württemberg,49.3296615271989,8.571741641883026,Germany,"Baden-Württemberg, Germany",,
BE-DAD46DCD,32,1995-01-21 00:00:00.000,Local,US,America,Ohio,41.50516130044439,-81.6934446,USA,"Ohio, USA",,
RE-75445D60,31,2013-05-08 00:00:00.000,Local,DE,Europe,Baden-Württemberg,48.59089459979375,9.0399498,Germany,"Baden-Württemberg, Germany",,
BA-C0C7FDBE,28,2012-03-06 00:00:00.000,Local,DE,Europe,"Rhineland-Palatinate
(Rheinland-Pfalz)",50.838975988780895,4.402411248542796,Germany,"Rhineland-Palatinate
(Rheinland-Pfalz), Germany",,
LO-F33AC948,31,2003-11-05 00:00:00.000,Local,DE,Europe,"Hesse
(Hessen)",50.61108503492317,9.033462414411373,Germany,"Hesse
(Hessen), Germany",,
FR-A86E698A,21,2016-03-16 00:00:00.000,Local,DE,Europe,"Saxony
(Sachsen)",52.23612105695129,12.28551526576338,Germany,"Saxony
(Sachsen), Germany",,
EP-6E0918AF,21,2022-02-23 00:00:00.000,Local,DE,Europe,"Thuringia
(Thüringen)",50.84586232471068,4.403041270601574,Germany,"Thuringia
(Thüringen), Germany",,
KO-975B107F,37,2017-05-28 00:00:00.000,Local,DE,Europe,"Saxony-Anhalt
(Sachsen-Anhalt)",52.23612105695129,12.28551526576338,Germany,"Saxony-Anhalt
(Sachsen-Anhalt), Germany",,
CH-C98AC168,39,2021-02-28 00:00:00.000,Local,DE,Europe,Baden-Württemberg,48.75010409975431,8.8707147,Germany,"Baden-Württemberg, Germany",,
BR-662EC74C,35,2020-10-17 00:00:00.000,Local,DE,Europe,"North Rhine-Westphalia
(Nordrhein-Westfalen)",51.48748408789015,7.566220062255792,Germany,"North Rhine-Westphalia
(Nordrhein-Westfalen), Germany",,
LA-0772C7B9,92,2013-04-12 00:00:00.000,Super Store,DE,Europe,Berlin,52.50165976623251,13.402259492785396,Germany,"Berlin, Germany",,
WE-1DE82CEE,69,2014-01-02 00:00:00.000,Super Store,GB,Europe,West Berkshire,51.376897661404,-1.1418434839963485,UK,"West Berkshire, UK",,
RU-C603E990,92,2001-01-04 00:00:00.000,Super Store,GB,Europe,Gloucestershire,51.86537049912992,-2.2458192,UK,"Gloucestershire, UK",,
BA-898BDED3,109,2022-08-01 00:00:00.000,Super Store,GB,Europe,Kent,57.01576002712146,2.6464689039658533,UK,"Kent, UK",,
AB-917B715E,119,2002-06-18 00:00:00.000,Super Store,GB,Europe,North Yorkshire,53.95905549917834,-1.0815360999999997,UK,"North Yorkshire, UK",,
EA-7965E06D,96,2016-10-07 00:00:00.000,Super Store,GB,Europe,East Ayrshire,55.486021420429815,-4.314412308337575,UK,"East Ayrshire, UK",,
PE-040B15C3,135,2018-08-15 00:00:00.000,Super Store,GB,Europe,Fermanagh,54.350613925419815,-7.641560823462416,UK,"Fermanagh, UK",,
CO-CB3D8C89,120,1999-07-17 00:00:00.000,Super Store,GB,Europe,Lincolnshire,57.01576002712146,2.6464689039658533,UK,"Lincolnshire, UK",,
CH-619E036C,118,2017-10-21 00:00:00.000,Super Store,DE,Europe,"Saxony
(Sachsen)",52.23612105695129,12.28551526576338,Germany,"Saxony
(Sachsen), Germany",,
LE-84C48B9F,138,2002-01-18 00:00:00.000,Super Store,GB,Europe,West Lothian,55.89379009974342,-3.5420788,UK,"West Lothian, UK",,
SC-4928418D,82,2009-04-14 00:00:00.000,Super Store,DE,Europe,Hamburg,53.543764099123855,10.0099133,Germany,"Hamburg, Germany",,
LO-AB6B6DF8,117,2006-01-13 00:00:00.000,Super Store,DE,Europe,Baden-Württemberg,49.3296615271989,8.571741641883026,Germany,"Baden-Württemberg, Germany",,
SO-6D328417,132,2002-03-30 00:00:00.000,Super Store,GB,Europe,Nottinghamshire,52.939413969525326,-1.198784860381233,UK,"Nottinghamshire, UK",,
GA-BA05E5A8,131,2012-08-16 00:00:00.000,Super Store,GB,Europe,Norfolk,36.89680519983556,-76.26023359999998,UK,"Norfolk, UK",,
CH-A44B48E6,130,1998-12-12 00:00:00.000,Super Store,GB,Europe,Somerset,51.149652874308366,-2.8896541318298774,UK,"Somerset, UK",,
SU-40E3321A,127,2010-03-16 00:00:00.000,Super Store,GB,Europe,Greater London,51.50076906312876,-0.1094372768714957,UK,"Greater London, UK",,
RA-583F0CF9,135,2010-03-15 00:00:00.000,Super Store,DE,Europe,"Hesse
(Hessen)",50.60806509932237,9.0284647,Germany,"Hesse
(Hessen), Germany",,
CH-7C155EA7,110,2011-03-27 00:00:00.000,Super Store,DE,Europe,Mecklenburg-Vorpommern,53.924589689662845,12.6673987014273,Germany,"Mecklenburg-Vorpommern, Germany",,
LE-14B7245B,102,2022-08-31 00:00:00.000,Super Store,GB,Europe,Lincolnshire,54.135696049068805,-2.572741443733534,UK,"Lincolnshire, UK",,
KA-9D87BC15,69,2010-07-23 00:00:00.000,Super Store,DE,Europe,"Saxony
(Sachsen)",52.02107111223396,11.69956645079846,Germany,"Saxony
(Sachsen), Germany",,
BU-784362E0,127,2015-12-13 00:00:00.000,Super Store,GB,Europe,Greater Manchester,53.47948919911756,-2.2451148,UK,"Greater Manchester, UK",,
RA-2A22B217,103,2007-02-03 00:00:00.000,Super Store,DE,Europe,Bremen,53.075819599090536,8.807164599999998,Germany,"Bremen, Germany",,
PF-1D7B0646,68,1995-11-07 00:00:00.000,Super Store,DE,Europe,Berlin,52.5170364990876,13.3888599,Germany,"Berlin, Germany",,
CL-C183BE4B,99,1998-12-19 00:00:00.000,Super Store,GB,Europe,Anglesey,53.264697398065856,-4.089718417183139,UK,"Anglesey, UK",,
AR-D3FDDD1D,124,2019-12-08 00:00:00.000,Super Store,GB,Europe,Staffordshire,52.684369599084455,-1.8275286,UK,"Staffordshire, UK",,
SI-66F97423,74,2008-03-08 00:00:00.000,Super Store,DE,Europe,"Hesse
(Hessen)",48.68791936944894,7.051713942943216,Germany,"Hesse
(Hessen), Germany",,
NE-EE2A190D,87,2015-02-12 00:00:00.000,Super Store,GB,Europe,Falkirk,56.018902699796094,-3.7230303,UK,"Falkirk, UK",,
CL-361E75EC,112,2001-05-20 00:00:00.000,Super Store,GB,Europe,Hertfordshire,51.74929559914207,-0.3422525999999999,UK,"Hertfordshire, UK",,
BE-F9462A80,100,2019-01-16 00:00:00.000,Super Store,GB,Europe,West Yorkshire,53.794422899153915,-1.7519185999999998,UK,"West Yorkshire, UK",,
BA-3A37248A,69,2011-11-27 00:00:00.000,Super Store,DE,Europe,"Hesse
(Hessen)",50.33526819937848,8.7539306,Germany,"Hesse
(Hessen), Germany",,
IN-8A98027C,99,1993-03-17 00:00:00.000,Super Store,GB,Europe,Dumfries and Galloway,55.0833329994464,-3.833333000000001,UK,"Dumfries and Galloway, UK",,
EH-945D8F25,81,2000-06-28 00:00:00.000,Super Store,DE,Europe,Bremen,53.075819599090536,8.807164599999998,Germany,"Bremen, Germany",,
ME-C1AF27C3,130,2001-03-08 00:00:00.000,Super Store,GB,Europe,Eilean Siar,57.66666700060252,-7.166667,UK,"Eilean Siar, UK",,
LA-C1E143DE,138,2006-10-03 00:00:00.000,Super Store,GB,Europe,Eilean Siar,57.66666700060252,-7.166667,UK,"Eilean Siar, UK",,
WA-0E6E657C,76,2013-06-04 00:00:00.000,Super Store,DE,Europe,Hamburg,53.951217842428846,10.05472362861768,Germany,"Hamburg, Germany",,
ST-1DAA85E6,77,2014-09-17 00:00:00.000,Super Store,GB,Europe,Down,,,UK,"Down, UK",,
WI-1BEEB9CA,137,2021-01-12 00:00:00.000,Super Store,GB,Europe,Dorset,50.802843468297205,-2.3044185512284505,UK,"Dorset, UK",,
HA-41E65DD9,119,2019-11-23 00:00:00.000,Super Store,GB,Europe,Tyrone,54.61195471851201,-7.16025587605944,UK,"Tyrone, UK",,
BA-B0933185,85,2007-12-15 00:00:00.000,Super Store,DE,Europe,Bremen,,,Germany,"Bremen, Germany",,
WE-298C66F0,111,1998-02-27 00:00:00.000,Super Store,GB,Europe,Suffolk,42.35899538394863,-71.02351552189474,UK,"Suffolk, UK",,
OB-B57D2016,82,2014-05-21 00:00:00.000,Super Store,DE,Europe,Bremen,53.075819599090536,8.807164599999998,Germany,"Bremen, Germany",,
HO-85D2BA5B,82,2016-02-06 00:00:00.000,Super Store,DE,Europe,Hamburg,53.54503132355396,10.023602942741418,Germany,"Hamburg, Germany",,
VE-EE7A1F48,118,2010-05-21 00:00:00.000,Super Store,DE,Europe,"Hesse
(Hessen)",50.33269089937904,8.761258,Germany,"Hesse
(Hessen), Germany",,
RU-514020AC,80,2015-03-20 00:00:00.000,Super Store,GB,Europe,Shetland Islands,59.97275360748666,-1.3498485906788076,UK,"Shetland Islands, UK",,
WI-5CDC1053,101,2018-10-03 00:00:00.000,Super Store,DE,Europe,Bremen,53.1198132532854,8.78010608269584,Germany,"Bremen, Germany",,
GR-84BD26D4,131,2003-11-06 00:00:00.000,Super Store,GB,Europe,Tyrone,54.50390879928633,-6.7703622,UK,"Tyrone, UK",,
SU-203C8474,93,2007-09-05 00:00:00.000,Super Store,GB,Europe,Tyne and Wear,54.135696049068805,-2.572741443733534,UK,"Tyne and Wear, UK",,
LA-7A9AA65C,129,1994-12-02 00:00:00.000,Super Store,DE,Europe,"Bavaria
(Bayern)",48.15321291597296,11.547358581435851,Germany,"Bavaria
(Bayern), Germany",,
RA-412FE889,72,2009-07-22 00:00:00.000,Super Store,DE,Europe,"North Rhine-Westphalia
(Nordrhein-Westfalen)",51.57674739916256,6.5128805,Germany,"North Rhine-Westphalia
(Nordrhein-Westfalen), Germany",,
BE-BC3E4F9A,111,2002-11-07 00:00:00.000,Super Store,GB,Europe,North Ayrshire,55.640084799641926,-4.814877000000001,UK,"North Ayrshire, UK",,
HI-D59BBEEC,114,2017-06-19 00:00:00.000,Super Store,GB,Europe,Down,,,UK,"Down, UK",,
GR-30543E4C,137,1999-11-24 00:00:00.000,Super Store,GB,Europe,Flintshire,53.24928279909951,-3.1345262,UK,"Flintshire, UK",,
WA-0A35C594,132,2006-06-15 00:00:00.000,Super Store,GB,Europe,East Ayrshire,55.61005889963037,-4.4964652,UK,"East Ayrshire, UK",,
BA-99F54BD0,113,2016-05-16 00:00:00.000,Super Store,GB,Europe,Monmouthshire,51.71579616778874,-2.953397955679366,UK,"Monmouthshire, UK",,
GI-718674C0,78,2005-01-10 00:00:00.000,Super Store,DE,Europe,Baden-Württemberg,48.54827644126032,9.05062463707913,Germany,"Baden-Württemberg, Germany",,
GA-D570038A,137,1996-05-18 00:00:00.000,Super Store,GB,Europe,East Ayrshire,55.515999199595,-4.3790696,UK,"East Ayrshire, UK",,
TH-142AE777,94,2007-05-05 00:00:00.000,Super Store,GB,Europe,Kent,42.9632405005356,-85.66786389999999,UK,"Kent, UK",,
BU-834779E4,93,2017-11-17 00:00:00.000,Super Store,GB,Europe,East Sussex,54.135696049068805,-2.572741443733534,UK,"East Sussex, UK",,
HO-CE40B554,134,2019-12-18 00:00:00.000,Super Store,DE,Europe,"Thuringia
(Thüringen)",50.84586232471068,4.403041270601574,Germany,"Thuringia
(Thüringen), Germany",,
LO-8E1CA9E3,96,1996-09-18 00:00:00.000,Super Store,GB,Europe,Kent,51.28002749920391,1.0802533,UK,"Kent, UK",,
OB-4B85CD4E,108,1996-10-22 00:00:00.000,Super Store,DE,Europe,"Hesse
(Hessen)",48.68791936944894,7.051713942943216,Germany,"Hesse
(Hessen), Germany",,
WA-58021322,80,2011-02-08 00:00:00.000,Super Store,GB,Europe,Cheshire,54.135696049068805,-2.572741443733534,UK,"Cheshire, UK",,
SO-B5B9CB3B,97,2018-05-08 00:00:00.000,Super Store,GB,Europe,Tyrone,54.61195471851201,-7.16025587605944,UK,"Tyrone, UK",,
WE-A6C131B0,113,1997-09-15 00:00:00.000,Super Store,DE,Europe,Baden-Württemberg,48.59089459979375,9.0399498,Germany,"Baden-Württemberg, Germany",,
SU-EFC31DF9,96,2017-06-12 00:00:00.000,Super Store,GB,Europe,Antrim,54.59644109930879,-5.9302761,UK,"Antrim, UK",,
TH-B8F42840,70,2018-03-30 00:00:00.000,Super Store,GB,Europe,Derbyshire,52.828166704303904,-1.3765549580108152,UK,"Derbyshire, UK",,
AB-FCFAB1A9,106,2015-03-02 00:00:00.000,Super Store,GB,Europe,Greater Manchester,53.47948919911756,-2.2451148,UK,"Greater Manchester, UK",,
PO-E636D18D,73,2010-10-18 00:00:00.000,Super Store,GB,Europe,Flintshire,53.27140609910092,-3.2212991,UK,"Flintshire, UK",,
KI-107167CD,119,2002-11-18 00:00:00.000,Super Store,GB,Europe,Nottinghamshire,53.144767799093614,-1.1973364999999998,UK,"Nottinghamshire, UK",,
EX-FA379F57,129,1996-12-01 00:00:00.000,Super Store,GB,Europe,Somerset,51.149652874308366,-2.8896541318298774,UK,"Somerset, UK",,
EX-82831D93,107,2017-09-10 00:00:00.000,Super Store,GB,Europe,East Sussex,54.135696049068805,-2.572741443733534,UK,"East Sussex, UK",,
AR-ADA61B10,134,2006-10-03 00:00:00.000,Super Store,GB,Europe,East Sussex,50.7761177655911,0.2662205915631095,UK,"East Sussex, UK",,
WA-A34BF06C,130,2016-03-20 00:00:00.000,Super Store,GB,Europe,Down,,,UK,"Down, UK",,
BE-6F48991F,77,1994-12-27 00:00:00.000,Super Store,GB,Europe,West Lothian,55.89379009974342,-3.5420788,UK,"West Lothian, UK",,
DE-12392F66,139,1996-10-16 00:00:00.000,Super Store,GB,Europe,West Lothian,55.97716699977834,-3.6006233999999995,UK,"West Lothian, UK",,
WA-A41DA979,98,2014-06-04 00:00:00.000,Super Store,GB,Europe,Dumfries and Galloway,54.80759280411772,-3.9479789688542457,UK,"Dumfries and Galloway, UK",,
CO-473A9FBB,94,2008-06-08 00:00:00.000,Super Store,GB,Europe,Tyne and Wear,54.95452041722502,-1.5645541779601573,UK,"Tyne and Wear, UK",,
KI-78096E8C,61,2005-05-12 00:00:00.000,Super Store,DE,Europe,Bremen,53.55222639912474,8.5865509,Germany,"Bremen, Germany",,
EA-77ECA680,8,1994-08-12 00:00:00.000,Mall Kiosk,GB,Europe,West Berkshire,51.3945859098037,-1.325850645629478,UK,"West Berkshire, UK",,
EA-24B31935,78,2012-11-09 00:00:00.000,Outlet,GB,Europe,Tyne and Wear,54.135696049068805,-2.572741443733534,UK,"Tyne and Wear, UK",,
ME-31958763,90,2013-12-23 00:00:00.000,Outlet,GB,Europe,Shetland Islands,59.97275360748666,-1.3498485906788076,UK,"Shetland Islands, UK",,
CL-5C7C3198,50,1998-12-19 00:00:00.000,Outlet,GB,Europe,Suffolk,42.329408846872,-71.01094862519687,UK,"Suffolk, UK",,
WEB-1388012W,325,2010-06-12 00:00:00.000,Web Portal,GB,Europe,Surrey,51.24811058454364,-0.4205887083074036,UK,"Surrey, UK",,
KI-A53AF10A,6,1993-10-13 00:00:00.000,Mall Kiosk,GB,Europe,Lincolnshire,53.56773709912635,-0.0736289,UK,"Lincolnshire, UK",,
RU-1994A94D,83,1993-09-03 00:00:00.000,Outlet,GB,Europe,Moray,57.787193500665445,-3.6312684000000006,UK,"Moray, UK",,
RU-9DF20437,7,1994-05-26 00:00:00.000,Mall Kiosk,GB,Europe,Fife,56.34039019993873,-2.7955844,UK,"Fife, UK",,
WA-34998EB8,7,2017-04-15 00:00:00.000,Mall Kiosk,DE,Europe,Mecklenburg-Vorpommern,54.04792449919312,13.0458642,Germany,"Mecklenburg-Vorpommern, Germany",,
LA-6AAC1779,70,2001-08-01 00:00:00.000,Outlet,DE,Europe,"Thuringia
(Thüringen)",52.51224883084557,13.385553461573425,Germany,"Thuringia
(Thüringen), Germany",,
WE-5B0343D9,51,2009-08-19 00:00:00.000,Outlet,DE,Europe,"Saxony
(Sachsen)",51.08101379923567,14.5215522,Germany,"Saxony
(Sachsen), Germany",,
EX-9ED6711E,4,1999-12-10 00:00:00.000,Mall Kiosk,GB,Europe,Perth and Kinross,56.39576789996427,-3.4335463,UK,"Perth and Kinross, UK",,
AR-2D9D5CD3,5,2000-12-29 00:00:00.000,Mall Kiosk,GB,Europe,Tyrone,54.599248599309504,-7.3029907,UK,"Tyrone, UK",,
ST-119B11EA,81,2022-01-20 00:00:00.000,Outlet,GB,Europe,Antrim,54.87171370918484,-6.202446602383298,UK,"Antrim, UK",,
BU-89E4DEC5,7,2017-01-09 00:00:00.000,Mall Kiosk,DE,Europe,"Thuringia
(Thüringen)",50.90147209926684,11.0377839,Germany,"Thuringia
(Thüringen), Germany",,
VE-B81F9500,4,2000-07-10 00:00:00.000,Mall Kiosk,DE,Europe,"Saxony
(Sachsen)",52.02107111223396,11.69956645079846,Germany,"Saxony
(Sachsen), Germany",,
PF-D90B564A,6,1997-12-01 00:00:00.000,Mall Kiosk,DE,Europe,Berlin,52.50165976623251,13.402259492785396,Germany,"Berlin, Germany",,
BE-028A2748,85,2005-10-31 00:00:00.000,Outlet,DE,Europe,"Thuringia
(Thüringen)",52.51224883084557,13.385553461573425,Germany,"Thuringia
(Thüringen), Germany",,
SO-6D546AD2,41,2011-09-25 00:00:00.000,Outlet,GB,Europe,Monmouthshire,51.77281909913951,-3.0843832999999994,UK,"Monmouthshire, UK",,
HI-BED70096,57,1994-11-01 00:00:00.000,Outlet,GB,Europe,Staffordshire,52.684369599084455,-1.8275286,UK,"Staffordshire, UK",,
WA-FF3389AF,4,2001-02-16 00:00:00.000,Mall Kiosk,GB,Europe,Scottish Borders,55.93244599975951,-2.3628295,UK,"Scottish Borders, UK",,
CH-7E92F288,7,2003-08-08 00:00:00.000,Mall Kiosk,GB,Europe,Tyne and Wear,55.00770957847828,-1.657845752662072,UK,"Tyne and Wear, UK",,
GA-400CC35C,7,2021-06-16 00:00:00.000,Mall Kiosk,GB,Europe,Suffolk,42.35899538394863,-71.02351552189474,UK,"Suffolk, UK",,
AR-0C5116E4,82,2008-09-01 00:00:00.000,Outlet,GB,Europe,Merionethshire,52.827110896480285,-3.8004189998939375,UK,"Merionethshire, UK",,
VI-BCBBC21A,90,2014-09-03 00:00:00.000,Outlet,GB,Europe,West Lothian,55.978703606666365,-3.6008479550414507,UK,"West Lothian, UK",,
RH-F3E200B7,6,2006-07-26 00:00:00.000,Mall Kiosk,GB,Europe,Moray,57.787193500665445,-3.6312684000000006,UK,"Moray, UK",,
MA-316BDC6E,83,2011-11-06 00:00:00.000,Outlet,DE,Europe,Baden-Württemberg,48.54827644126032,9.05062463707913,Germany,"Baden-Württemberg, Germany",,
MA-0D207813,66,1995-12-30 00:00:00.000,Outlet,DE,Europe,"Hesse
(Hessen)",50.33526819937848,8.7539306,Germany,"Hesse
(Hessen), Germany",,
PO-99029708,51,2006-10-18 00:00:00.000,Outlet,GB,Europe,Monmouthshire,51.58823319916111,-2.9974967,UK,"Monmouthshire, UK",,
ME-9940FF73,7,2003-05-27 00:00:00.000,Mall Kiosk,DE,Europe,"Hesse
(Hessen)",50.33269089937904,8.761258,Germany,"Hesse
(Hessen), Germany",,
PF-BADFAEDC,8,2014-05-24 00:00:00.000,Mall Kiosk,DE,Europe,Baden-Württemberg,48.80812259973991,8.9453257,Germany,"Baden-Württemberg, Germany",,
SE-596EAA50,6,1994-09-10 00:00:00.000,Mall Kiosk,GB,Europe,Somerset,51.380246797875856,-2.3667405771506527,UK,"Somerset, UK",,
HA-1BAE9B71,7,2006-06-15 00:00:00.000,Mall Kiosk,GB,Europe,West Lothian,55.88518079228951,-3.5737621241378235,UK,"West Lothian, UK",,
CH-6D105C69,5,2004-01-27 00:00:00.000,Mall Kiosk,DE,Europe,"Saxony-Anhalt
(Sachsen-Anhalt)",52.521846799087456,13.379564999999998,Germany,"Saxony-Anhalt
(Sachsen-Anhalt), Germany",,
HA-B6953307,8,1993-10-02 00:00:00.000,Mall Kiosk,DE,Europe,Baden-Württemberg,49.3296615271989,8.571741641883026,Germany,"Baden-Württemberg, Germany",,
HI-F27C7A84,71,2007-07-21 00:00:00.000,Outlet,GB,Europe,East Sussex,54.135696049068805,-2.572741443733534,UK,"East Sussex, UK",,
LO-3DD01CA8,6,2021-06-20 00:00:00.000,Mall Kiosk,GB,Europe,Caernarvonshire,53.29060821974959,-3.843583817250981,UK,"Caernarvonshire, UK",,
LA-BC0455E1,7,2005-08-05 00:00:00.000,Mall Kiosk,DE,Europe,"North Rhine-Westphalia
(Nordrhein-Westfalen)",51.57674739916256,6.5128805,Germany,"North Rhine-Westphalia
(Nordrhein-Westfalen), Germany",,
FR-91D11D69,51,2007-12-21 00:00:00.000,Outlet,DE,Europe,Baden-Württemberg,49.3296615271989,8.571741641883026,Germany,"Baden-Württemberg, Germany",,
PO-3A1A12CD,58,2000-06-23 00:00:00.000,Outlet,GB,Europe,North Ayrshire,55.640084799641926,-4.814877000000001,UK,"North Ayrshire, UK",,
EA-6B5D31D8,56,1994-09-16 00:00:00.000,Outlet,GB,Europe,Derbyshire,52.92126169908585,-1.4761491,UK,"Derbyshire, UK",,
BE-2DE7E6FD,72,2013-11-19 00:00:00.000,Outlet,GB,Europe,Glasgow City,55.82581716369926,-4.251938157457177,UK,"Glasgow City, UK",,
HO-978C59DC,87,2014-04-07 00:00:00.000,Outlet,DE,Europe,Baden-Württemberg,48.54827644126032,9.05062463707913,Germany,"Baden-Württemberg, Germany",,
WI-293A03C1,70,2011-11-25 00:00:00.000,Outlet,GB,Europe,Somerset,39.97284297040984,-79.02823798637627,UK,"Somerset, UK",,
EX-A3F2DB7C,6,2014-07-28 00:00:00.000,Mall Kiosk,GB,Europe,Merseyside,53.43083783964635,-2.9609880004379168,UK,"Merseyside, UK",,
HI-FD1137FA,7,1997-03-15 00:00:00.000,Mall Kiosk,GB,Europe,Nottinghamshire,53.144767799093614,-1.1973364999999998,UK,"Nottinghamshire, UK",,
AB-4ABD6D51,6,1994-08-19 00:00:00.000,Mall Kiosk,GB,Europe,Monmouthshire,51.58823319916111,-2.9974967,UK,"Monmouthshire, UK",,
BR-FB62A5BA,4,2004-12-30 00:00:00.000,Mall Kiosk,GB,Europe,Radnorshire,52.271554504812585,-3.3109365008927147,UK,"Radnorshire, UK",,
WE-41EFA2D6,60,2019-04-27 00:00:00.000,Outlet,GB,Europe,South Yorkshire,53.38066259910893,-1.4702278,UK,"South Yorkshire, UK",,
CH-8A74708A,52,1995-04-29 00:00:00.000,Outlet,GB,Europe,Monmouthshire,51.71579616778874,-2.953397955679366,UK,"Monmouthshire, UK",,
AB-337AEBA7,63,1998-07-18 00:00:00.000,Outlet,GB,Europe,Dorset,49.83908621716616,-2.03382391319869,UK,"Dorset, UK",,
PE-8BF5FE22,70,2008-02-14 00:00:00.000,Outlet,GB,Europe,Fermanagh,54.39698779008633,-7.6501897453704,UK,"Fermanagh, UK",,
ME-6529390A,78,2005-06-13 00:00:00.000,Outlet,DE,Europe,"Hesse
(Hessen)",50.33269089937904,8.761258,Germany,"Hesse
(Hessen), Germany",,
LA-55069B69,6,2001-05-04 00:00:00.000,Mall Kiosk,DE,Europe,"Hesse
(Hessen)",50.33526819937848,8.7539306,Germany,"Hesse
(Hessen), Germany",,
CH-DEF208AA,8,2022-02-25 00:00:00.000,Mall Kiosk,GB,Europe,Wiltshire,51.561368299164506,-1.7856853,UK,"Wiltshire, UK",,
GR-911A7DFC,66,2010-02-02 00:00:00.000,Outlet,GB,Europe,Orkney Islands,-60.631660564820734,-45.42753966313245,UK,"Orkney Islands, UK",,
BL-D6CF153F,4,2004-03-15 00:00:00.000,Mall Kiosk,GB,Europe,West Berkshire,51.394434078649695,-1.2985724861337722,UK,"West Berkshire, UK",,
AR-2284FD32,4,2018-11-29 00:00:00.000,Mall Kiosk,GB,Europe,Merionethshire,52.827110896480285,-3.8004189998939375,UK,"Merionethshire, UK",,
GR-63F021A1,6,2020-02-22 00:00:00.000,Mall Kiosk,DE,Europe,"Saxony-Anhalt
(Sachsen-Anhalt)",52.521846799087456,13.379564999999998,Germany,"Saxony-Anhalt
(Sachsen-Anhalt), Germany",,
EA-EB4F2E1B,68,2000-09-20 00:00:00.000,Outlet,GB,Europe,Antrim,54.59644109930879,-5.9302761,UK,"Antrim, UK",,
NI-AB0FECD7,90,2022-10-12 00:00:00.000,Outlet,DE,Europe,"Thuringia
(Thüringen)",52.51224883084557,13.385553461573425,Germany,"Thuringia
(Thüringen), Germany",,
SE-C44E6951,40,1993-04-19 00:00:00.000,Outlet,GB,Europe,Eilean Siar,57.66666700060252,-7.166667,UK,"Eilean Siar, UK",,
SU-163D2755,77,2012-10-07 00:00:00.000,Outlet,GB,Europe,Greater Manchester,53.46315381949836,-2.2914022661167066,UK,"Greater Manchester, UK",,
SU-ABF4F9A1,7,2001-05-18 00:00:00.000,Mall Kiosk,GB,Europe,Shetland Islands,59.97275360748666,-1.3498485906788076,UK,"Shetland Islands, UK",,
CO-9A576872,84,2015-03-06 00:00:00.000,Outlet,GB,Europe,East Sussex,50.85538879927519,0.5824703,UK,"East Sussex, UK",,
AL-EE8984F0,5,2003-10-16 00:00:00.000,Mall Kiosk,DE,Europe,Baden-Württemberg,48.59089459979375,9.0399498,Germany,"Baden-Württemberg, Germany",,
ST-D14ED89D,59,1998-09-29 00:00:00.000,Outlet,DE,Europe,Baden-Württemberg,48.54827644126032,9.05062463707913,Germany,"Baden-Württemberg, Germany",,
BU-79F72A64,4,2011-09-24 00:00:00.000,Mall Kiosk,GB,Europe,Cardiganshire,52.25666941743858,-4.071759966707796,UK,"Cardiganshire, UK",,
EP-E66BE479,6,1996-10-15 00:00:00.000,Mall Kiosk,DE,Europe,Hamburg,53.55034099912454,10.000654,Germany,"Hamburg, Germany",,
BR-B7C294A7,77,2018-02-08 00:00:00.000,Outlet,DE,Europe,Baden-Württemberg,48.80812259973991,8.9453257,Germany,"Baden-Württemberg, Germany",,
LA-6D1FE061,89,2017-10-24 00:00:00.000,Outlet,DE,Europe,Mecklenburg-Vorpommern,53.924589689662845,12.6673987014273,Germany,"Mecklenburg-Vorpommern, Germany",,
BR-09D8DE69,5,1999-01-02 00:00:00.000,Mall Kiosk,DE,Europe,"Saxony-Anhalt
(Sachsen-Anhalt)",52.23612105695129,12.28551526576338,Germany,"Saxony-Anhalt
(Sachsen-Anhalt), Germany",,
WE-69BFEA46,53,2009-07-26 00:00:00.000,Outlet,DE,Europe,"Saxony
(Sachsen)",52.23612105695129,12.28551526576338,Germany,"Saxony
(Sachsen), Germany",,
RU-9D16C525,4,1998-09-11 00:00:00.000,Mall Kiosk,GB,Europe,West Berkshire,51.394434078649695,-1.2985724861337722,UK,"West Berkshire, UK",,
CH-6ADEBD99,7,2005-11-08 00:00:00.000,Mall Kiosk,GB,Europe,East Sussex,50.85538879927519,0.5824703,UK,"East Sussex, UK",,
ST-76D54DCB,59,1998-09-29 00:00:00.000,Outlet,GB,Europe,West Midlands,52.584765099085935,-2.127567,UK,"West Midlands, UK",,
PE-F9CF2B74,7,2006-06-18 00:00:00.000,Mall Kiosk,GB,Europe,Nottinghamshire,52.939900952336224,-1.1329384353047116,UK,"Nottinghamshire, UK",,
AS-373D10B2,51,1997-09-17 00:00:00.000,Outlet,DE,Europe,Berlin,52.5170364990876,13.3888599,Germany,"Berlin, Germany",,
AB-D04AA29C,68,2002-07-23 00:00:00.000,Outlet,GB,Europe,Fermanagh,54.350613925419815,-7.641560823462416,UK,"Fermanagh, UK",,
HE-8818F573,7,2005-07-20 00:00:00.000,Mall Kiosk,DE,Europe,Hamburg,53.54503132355396,10.023602942741418,Germany,"Hamburg, Germany",,
NE-D1A20330,5,2017-01-10 00:00:00.000,Mall Kiosk,DE,Europe,"Bavaria
(Bayern)",48.15321291597296,11.547358581435851,Germany,"Bavaria
(Bayern), Germany",,
LO-ED733BA2,48,1996-12-11 00:00:00.000,Outlet,GB,Europe,Worcestershire,52.11595589910825,-2.3258985,UK,"Worcestershire, UK",,
PE-78E2B585,5,2003-08-05 00:00:00.000,Mall Kiosk,GB,Europe,Dumfries and Galloway,54.84339249937455,-3.87245,UK,"Dumfries and Galloway, UK",,
BU-FB96B095,86,2021-11-24 00:00:00.000,Outlet,GB,Europe,West Lothian,55.88518079228951,-3.5737621241378235,UK,"West Lothian, UK",,
BA-41B2EB4B,8,2022-07-16 00:00:00.000,Mall Kiosk,GB,Europe,Kent,54.135696049068805,-2.572741443733534,UK,"Kent, UK",,
WI-1EA140B1,68,1996-11-16 00:00:00.000,Outlet,GB,Europe,Dumfries and Galloway,54.84339249937455,-3.87245,UK,"Dumfries and Galloway, UK",,
KA-FA7ED3B8,31,2022-09-05 00:00:00.000,Local,US,America,New Mexico,34.05440963626855,-106.90642725380786,USA,"New Mexico, USA",,
CR-792AA8BB,138,2018-04-05 00:00:00.000,Super Store,US,America,New Mexico,34.57081669962589,-105.993007,USA,"New Mexico, USA",,
LY-4C3D5D6C,36,2016-02-12 00:00:00.000,Local,GB,eeEurope,Lincolnshire,53.18706803199749,-0.2789526279809186,UK,"Lincolnshire, UK",,
BO-17E7B6CE,75,2019-07-28 00:00:00.000,Super Store,US,America,Florida,27.756766699973447,-81.4639835,USA,"Florida, USA",,
NE-E50207AD,67,2019-12-24 00:00:00.000,Super Store,GB,eeEurope,Staffordshire,52.68100103883116,-1.8294360255043636,UK,"Staffordshire, UK",,
NE-374D3983,20,2009-08-07 00:00:00.000,Local,GB,eeEurope,Angus,31.997816257169056,-96.42703606094275,UK,"Angus, UK",,
SU-95D20AE9,30,2004-05-23 00:00:00.000,Local,US,America,Idaho,44.59824782979606,-110.54718426683004,USA,"Idaho, USA",,
MA-F0E23355,8,2011-07-07 00:00:00.000,Mall Kiosk,US,America,Minnesota,45.9896587003441,-94.6113288,USA,"Minnesota, USA",,
VE-93DA8430,22,2006-02-23 00:00:00.000,Local,US,eeAmerica,Michigan,42.961528878737205,-85.65568911447113,USA,"Michigan, USA",,
PO-EB96293A,36,2003-04-19 00:00:00.000,Local,US,America,Alaska,60.000000101622206,-175,USA,"Alaska, USA",,
MO-E8CFF8FE,40,2004-12-19 00:00:00.000,Local,US,America,South Dakota,42.496047710181855,-96.39009459649633,USA,"South Dakota, USA",,
SC-8724E112,118,2002-09-30 00:00:00.000,Super Store,DE,eeEurope,"Thuringia
(Thüringen)",50.90147209926684,11.0377839,Germany,"Thuringia
(Thüringen), Germany",,
SE-F428A035,34,2012-05-10 00:00:00.000,Local,US,America,Georgia,33.76268452863879,-84.42278836182315,USA,"Georgia, USA",,
MI-20EE1BFA,20,2006-07-07 00:00:00.000,Local,US,America,Nebraska,41.25874590042,-95.9383758,USA,"Nebraska, USA",,
NE-C83B8B22,21,2014-07-03 00:00:00.000,Local,US,America,Iowa,41.655894373880926,-91.53033292421027,USA,"Iowa, USA",,
LA-77BE2ADA,37,2002-08-16 00:00:00.000,Local,GB,eeEurope,Hertfordshire,51.65538749915287,-0.3957425,UK,"Hertfordshire, UK",,
WA-F4396DF8,29,1993-11-24 00:00:00.000,Local,US,America,West Virginia,38.475840600049935,-80.84084150000001,USA,"West Virginia, USA",,
GA-190B3F6D,24,2003-04-07 00:00:00.000,Local,GB,eeEurope,Greater London,51.49584983455653,-0.1394625595260277,UK,"Greater London, UK",,
PF-F95902BC,23,2018-05-26 00:00:00.000,Local,DE,eeEurope,"Hesse
(Hessen)",50.61108503492317,9.033462414411373,Germany,"Hesse
(Hessen), Germany",,
CR-6B885B5E,25,2001-11-11 00:00:00.000,Local,US,America,Ohio,40.22535690029739,-82.6881395,USA,"Ohio, USA",,
VI-43751A71,122,2003-11-19 00:00:00.000,Super Store,GB,eeEurope,West Lothian,55.88518079228951,-3.5737621241378235,UK,"West Lothian, UK",,
FR-0FA7D921,31,2012-03-15 00:00:00.000,Local,DE,eeEurope,"Saxony
(Sachsen)",52.0089064991167,11.700334399999996,Germany,"Saxony
(Sachsen), Germany",,
RU-BFF916C5,128,2001-05-23 00:00:00.000,Super Store,GB,eeEurope,West Lothian,55.88518079228951,-3.5737621241378235,UK,"West Lothian, UK",,
JE-3AF1D134,38,2015-10-02 00:00:00.000,Local,US,America,West Virginia,38.34808011977557,-81.63219122583713,USA,"West Virginia, USA",,
KI-967D1E81,20,2013-03-30 00:00:00.000,Local,GB,eeEurope,Antrim,44.999300625642405,-85.14016877405592,UK,"Antrim, UK",,
FA-6A7ABBAD,131,2008-12-07 00:00:00.000,Super Store,US,America,Oregon,43.97327594735541,-120.6024302798613,USA,"Oregon, USA",,
RE-4D07B5F2,33,2003-04-04 00:00:00.000,Local,US,America,Iowa,41.57254674561232,-93.61043730096054,USA,"Iowa, USA",,
MI-D57825AA,4,2000-02-12 00:00:00.000,Mall Kiosk,US,America,Iowa,41.59103230045234,-93.6046655,USA,"Iowa, USA",,
FA-0A1B14FB,73,1994-10-17 00:00:00.000,Outlet,US,America,Tennessee,36.17168528802276,-86.78446416782249,USA,"Tennessee, USA",,
PE-360EA944,37,1995-06-06 00:00:00.000,Local,GB,eeEurope,Dorset,49.83908621716616,-2.03382391319869,UK,"Dorset, UK",,
SI-C489938D,80,1994-02-28 00:00:00.000,Outlet,US,America,Alabama,32.348052414946864,-86.2673972402049,USA,"Alabama, USA",,
BE-7C142381,7,2008-11-15 00:00:00.000,Mall Kiosk,GB,eeEurope,East Sussex,49.83908621716616,-2.03382391319869,UK,"East Sussex, UK",,
VI-682A89FF,23,1998-12-18 00:00:00.000,Local,GB,eeEurope,Renfrewshire,55.87757329973672,-4.3888761,UK,"Renfrewshire, UK",,
GA-5957F561,6,2019-09-13 00:00:00.000,Mall Kiosk,DE,eeEurope,Berlin,52.5170364990876,13.3888599,Germany,"Berlin, Germany",,
PO-D4D326B4,23,2005-06-07 00:00:00.000,Local,US,America,North Dakota,46.87722900018611,-96.789821,USA,"North Dakota, USA",,
CH-86DFF57D,27,1997-10-26 00:00:00.000,Local,GB,eeEurope,Caernarvonshire,52.94192426659421,-4.299309633103103,UK,"Caernarvonshire, UK",,
RE-FAF57EF7,4,2013-07-13 00:00:00.000,Mall Kiosk,DE,eeEurope,"Hesse
(Hessen)",50.61108503492317,9.033462414411373,Germany,"Hesse
(Hessen), Germany",,
BR-CACF7508,7,2000-02-15 00:00:00.000,Mall Kiosk,US,America,Maine,50.11733635487919,8.644428361144131,USA,"Maine, USA",,
TR-658557DD,20,2016-04-29 00:00:00.000,Local,DE,eeEurope,"Hesse
(Hessen)",50.60806509932237,9.0284647,Germany,"Hesse
(Hessen), Germany",,
CA-70469742,5,2012-09-22 00:00:00.000,Mall Kiosk,US,America,Alabama,30.69435659968269,-88.04305409999998,USA,"Alabama, USA",,
LU-439557A9,4,2012-08-18 00:00:00.000,Mall Kiosk,US,America,West Virginia,38.651991211086525,-80.60882049888782,USA,"West Virginia, USA",,
ST-6590521C,32,1996-02-04 00:00:00.000,Local,US,America,Iowa,41.9216734004803,-93.3122705,USA,"Iowa, USA",,
HI-AED3C6CD,29,2012-06-21 00:00:00.000,Local,GB,eeEurope,Antrim,54.87171370918484,-6.202446602383298,UK,"Antrim, UK",,
LY-120579E6,34,1998-05-05 00:00:00.000,Local,GB,eeEurope,East Renfrewshire,55.80483179970702,-4.2946743,UK,"East Renfrewshire, UK",,
WE-C5C34475,134,1994-01-29 00:00:00.000,Super Store,GB,eeEurope,Devon,54.135696049068805,-2.572741443733534,UK,"Devon, UK",,
HU-57B095A2,40,1998-01-22 00:00:00.000,Local,US,America,Maine,42.36277170051018,-71.08725699999998,USA,"Maine, USA",,
SC-FFDD5A57,7,1999-09-18 00:00:00.000,Mall Kiosk,US,America,Georgia,41.680970700460406,44.02873819999999,USA,"Georgia, USA",,
IR-C8DAAB31,28,2002-05-14 00:00:00.000,Local,US,America,Oregon,43.979279700533354,-120.737257,USA,"Oregon, USA",,
BA-91C512D2,26,2007-10-04 00:00:00.000,Local,DE,eeEurope,"Bavaria
(Bayern)",48.96720619151648,11.415030001149422,Germany,"Bavaria
(Bayern), Germany",,
JA-49A2D7F5,40,1994-12-04 00:00:00.000,Local,US,America,Maryland,39.30105955964347,-76.61072474456222,USA,"Maryland, USA",,
BR-0DCD7EE0,28,2006-01-20 00:00:00.000,Local,US,America,Alaska,61.14976770328808,-149.1950635060078,USA,"Alaska, USA",,
SC-4AE031F4,37,2017-10-26 00:00:00.000,Local,US,eeAmerica,Washington,38.92143570011453,-77.0318692,USA,"Washington, USA",,
GR-9049A708,124,2014-01-13 00:00:00.000,Super Store,DE,eeEurope,"Hesse
(Hessen)",48.68791936944894,7.051713942943216,Germany,"Hesse
(Hessen), Germany",,
TR-8CD56339,133,2004-02-09 00:00:00.000,Super Store,US,America,Delaware,39.73509238056379,-75.52891286774454,USA,"Delaware, USA",,
CO-D819CC5E,38,2010-02-06 00:00:00.000,Local,US,America,Iowa,41.655894373880926,-91.53033292421027,USA,"Iowa, USA",,
WE-B278D336,62,1997-11-14 00:00:00.000,Super Store,US,America,New Jersey,40.73565700036156,-74.17236669999998,USA,"New Jersey, USA",,
BA-B4AED588,36,2001-05-12 00:00:00.000,Local,DE,eeEurope,Mecklenburg-Vorpommern,54.04792449919312,13.0458642,Germany,"Mecklenburg-Vorpommern, Germany",,
